FIELD1;Vị trí của danh từ trong câu:;Dấu hiệu nhận biết danh từ: 
Danh từ trong Tiếng Anh (Noun);"1. Đứng đầu câu và sau trạng từ chỉ thời gian (nếu có)
Mr. Tan went on a picnic with his family last week.
= Last week, Mr. Tan went on a picnic with his family.
Ông Tân đi dã ngoại cùng gia đình vào tuần trước.
= Tuần trước ông Tân đi dã ngoại cùng với gia đình của ông ấy.
Đứng sau tính từ thường
That is a naughty boy.
Đó quả là một cậu bé nghịch ngợm.
2. Đứng sau các tính từ sở hữu
– He is my father. 
– She put her pencil in the case. 
– Ông ấy là bố của tôi.
– Cô ấy đặt chiếc bút chì của mình vào trong hộp bút. 
Đứng sau động từ khi làm tân ngữ
– They love cats.
– Linda gave books to her friends. 
– Họ yêu mèo.
– Linda đưa những quyển sách cho những người bạn của cô ấy. 
3. Đứng sau “enough”
He didn’t have enough money to buy that luxury car. 
Anh ấy đã không có đủ tiền để mua chiếc xe sang trọng kia.
4. Đứng sau các mạo từ như: a, an, the hoặc các từ chỉ định như this, that, these, those,… 
– This cat is so adorable. 
– She has bought a dress for her mother. 
– Con mèo này thật dễ thương.
– Cô ấy đã mua một chiếc váy cho mẹ mình.
5. Đứng sau các từ như each, every, all, both, no, some, any, few, a few, little, a little,…
– There are a few cookies left in the fridge. 
– Every child needs love and care. 
– Còn một ít bánh quy trong tủ lạnh.
– Mỗi trẻ em đều cần tình yêu thương và sự quan tâm. 
6. Đứng sau giới từ như in, on, of, with, under, about, at,…
– Sarah is afraid of mice. 
– John is very interested in comedy. 
– Sarah rất sợ chuột.
– John rất thích phim hài.";"Hậu tố danh từ
–tion
education
imagination
nation
–sion
vision
television
impression
–ment
movement
environment
pavement
–ce
difference
preference
appliance
–ness
kindness
happiness
carefulness
–er/or
(thường là những danh từ chỉ người)
worker
driver
coordinator
mentor
–ity/ty: identity, cruelty, quality,…
identity
cruelty
quality
–ship: friendship, leadership, partnership, relationship,…
friendship
leadership
partnership
–ics
politics
economics
physics
–dom
freedom
kingdom
boredom
–ture
nature
picture
creature
–ism
optimism
socialism
capitalism
–phy
philosophy
geography
–logy
biology
psychology
theology
–cy
constancy
privacy
competency
–an/ian
musician
politician
magician
–ette
cigarette
etiquette
–itude
attitude
multitude
solitude
–age
carriage
marriage
voyage
–th
length
growth
youth
–ry/try
industry
bakery
–hood
childhood
motherhood
fatherhood
"
Động từ trong Tiếng Anh (Verb);"1. Đứng sau chủ ngữ
– The dog likes playing in the garden.
– He walks about two kilometers every morning. 
– Chú chó thích chơi ở ngoài sân.
– Anh ấy đi bộ khoảng hai ki-lô-mét mỗi buổi sáng. 
2. Động từ đứng sau trạng từ chỉ tần suất như: always, usually, often, sometimes, seldom, rarely, never,…
– I usually go to school by bus.  
– He seldom has breakfast. 
– Tôi thường xuyên đến trường học bằng xe buýt.
– Anh ấy ít khi ăn sáng.";"Hậu tố động từ
Ví dụ
–ate
irritate
demonstrate
illustrate
–en
lengthen
soften
shorten
–ify
clarify
identify
beautify
–ise/ize
minimize
maximize
realize
industrialize
"
Tính từ trong Tiếng Anh (Adjective);"1. Đứng trước danh từ, bổ nghĩa cho danh từ
Yesterday I met a handsome man.
Hôm qua tôi gặp một anh chàng rất đẹp trai.
2. Đứng sau động từ to be
– Tom is hardworking.
– The movie is interesting. 
– Tom rất chăm chỉ.
– Bộ phim rất thú vị. 
3. Đứng sau trạng từ
The play we watched yesterday evening was extremely thrilling. 
Vở kịch chúng tôi xem tối hôm qua thì khá là kịch tính. 
4. Đứng sau động từ tình thái như seem, appear, feel, taste, look,…
– Lan seems tired now.
– This dish tastes delicious.
– Lan có vẻ rất mệt.
– Món ăn này vị rất ngon.
5. Đứng trước “enough”
She is clever enough to participate in that competition.
Cô ấy đủ thông minh để tham gia cuộc thi đó.
6. Đứng sau “too” hoặc “so”
– It’s too late to come to the party right now.
– The weather was so hot that my family decided to go swimming.
– Quá muộn không thể đến bữa tiệc bây giờ.
– Thời tiết nóng đến nỗi gia đình tôi quyết định đi bơi.";"Hậu tố tính từ
Ví dụ
–al
national
royal
global
–ful
beautiful
awful
careful
peaceful
–less
homeless
careless
useless
hopeless
–ive
active
imaginative
creative
impressive
–able
forgettable
unbelievable
reliable
–ous
dangerous
glorious
humorous
continuous
famous
–cult
difficult
–ish
selfish
childish
foolish
–ed
bored
excited
faded
crooked
–ese
Chinese
Vietnamese
Japanese
–en
golden
wooden
broken
woolen
–ic
classic
ironic
poetic
iconic
–i
Iraqi
Pakistani
Yemeni
–ian
Canadian
Malaysian
European
–y (danh từ + Y thành tính từ)
daily
monthly
yearly
friendly
juicy
"
Trạng từ trong Tiếng Anh (Adverb);"1. Đứng trước động từ thường (nhất là các trạng từ chỉ tần suất: often, always, usually, seldom….)
– He often stays up late. 
– I totally disagree with that viewpoint. 
– Anh ấy thường thức khuya.
– Tôi hoàn toàn không đồng tình với quan điểm đó.
2. Đứng giữa trợ động từ và động từ thường
The children have recently finished their homework.
Bọn trẻ vừa làm xong bài tập. 
3. Đứng sau động từ to be/seem/look/feel/appear/sound… và trước tính từ
– They seem very excited when watching the show.
– This melody sounds extremely familiar. I must have heard it. 
– Họ có vẻ rất hứng thú khi xem chương trình đó.
– Giai điệu này nghe khá quen thuộc. Tôi ắt hẳn đã từng nghe qua rồi. 
4. Đứng sau “too”
The man speaks too slowly.
Người đàn ông nói quá chậm. 
5. Đứng trước “enough”
He ran quickly enough to catch the bus.  
Anh ấy chạy đủ nhanh để bắt được xe buýt. 
6. Trạng từ được sử dụng trong cấu trúc so….that
He drove so carelessly that he caused a serious accident. 
Anh ta lái xe bất cẩn đến nỗi đã gây ra tai nạn nghiêm trọng. 
Trạng từ cũng đứng một mình ở đầu câu, hoặc giữa câu và cách các thành phần khác của câu bằng dấu phẩy (,)
– Certainly, they will be here for dinner.
– Unfortunately, I did not have enough time to complete the test. 
– Tất nhiên, họ sẽ ở lại ăn tối rồi.
– Không may thay, tôi đã không có đủ thời gian để hoàn thành bài thi.";"Hậu tố trạng từ
Ví dụ
–ly
beautifully
carefully
badly
quickly
excitingly
–ward
downwards
homeward(s)
upwards
–wise
anti-clockwise
clockwise
edgewise
"
Giới từ trong Tiếng Anh (Preposition);"Tính từ đứng sau động từ TO BE, trước danh từ
– The pictures are on the wall.
– The cat is under the bed. 
– Những bức tranh đang ở trên tường.
– Con mèo đang ở dưới gầm giường. 
Giới từ đứng sau động từ thường
– Tom is standing between Linda and Jack.
– The firefighters immediately put out the fire. 
– Tom đang đứng giữa Linda và Jack.
– Những người lính cứu hỏa ngay lập tức dập tắt lửa. 
Giới từ đứng sau tính từ
– She is fond of cooking.
– I am terrified of heights. 
– Cô ấy thích nấu ăn.
– Tôi rất sợ độ cao.
";"Loại giới từ
Giới từ chỉ thời gian
At vào lúc (thường đi với giờ)
On vào (thường đi với ngày)
In vào (dùng với tháng, năm, mùa, thế kỷ)
Before trước
After sau
During trong suốt (kết hợp danh từ chỉ thời gian)
Giới từ chỉ nơi chốn
At tại (đi kèm những địa điểm nhỏ như trường học, bệnh viện,…)
In – trong (chỉ ở bên trong) – ở (nơi chốn lớn thành phố, tỉnh, quốc gia, châu lục…)
On, above, over trên
On ở trên và tiếp xúc với bề mặt
Giới từ chỉ sự chuyển dịch
To, into, onto đến
– To: chỉ tiếp cận tới người, vật hay địa điểm
– Into: tiếp cận và vào bên trong vật, địa điểm đó
– Onto: tiếp cận và tiếp xúc bề mặt, ở phía ngoài của vật, địa điểm
From chỉ nguồn gốc xuất xứ
Across. ngang qua
Along dọc theo
Round, around, about quanh
Giới từ chỉ thể cách
With với
Without không, không có
According to theo
In spite of mặc dù
Instead of thay vì
Giới từ chỉ mục đích
To  để
In order to để
For giùm cho, dành cho
So as to để
Giới từ chỉ nguyên nhân
Thanks to nhờ ở
Through do, vì
Because of bởi vì
Owing to nhờ ở, do ở
By means of bằng phương tiện
"